"route","file path","line","element / component","attribute","label copy","label source","scope"
"/","src/components/navigation-bar/components/nav-layout.tsx","28","Flex as='nav'","aria-label","Main navigation","hardcoded in JSX","global (nav bar)"
"/404","src/components/navigation-bar/components/nav-layout.tsx","28","Flex as='nav'","aria-label","Main navigation","hardcoded in JSX","global (nav bar)"
"/about","src/components/navigation-bar/components/nav-layout.tsx","28","Flex as='nav'","aria-label","Main navigation","hardcoded in JSX","global (nav bar)"
"/advanced-search","src/components/navigation-bar/components/nav-layout.tsx","28","Flex as='nav'","aria-label","Main navigation","hardcoded in JSX","global (nav bar)"
"/changelog","src/components/navigation-bar/components/nav-layout.tsx","28","Flex as='nav'","aria-label","Main navigation","hardcoded in JSX","global (nav bar)"
"/disclaimer","src/components/navigation-bar/components/nav-layout.tsx","28","Flex as='nav'","aria-label","Main navigation","hardcoded in JSX","global (nav bar)"
"/faq","src/components/navigation-bar/components/nav-layout.tsx","28","Flex as='nav'","aria-label","Main navigation","hardcoded in JSX","global (nav bar)"
"/login","src/components/navigation-bar/components/nav-layout.tsx","28","Flex as='nav'","aria-label","Main navigation","hardcoded in JSX","global (nav bar)"
"/updates","src/components/navigation-bar/components/nav-layout.tsx","28","Flex as='nav'","aria-label","Main navigation","hardcoded in JSX","global (nav bar)"
"/ontology-browser","src/components/navigation-bar/components/nav-layout.tsx","28","Flex as='nav'","aria-label","Main navigation","hardcoded in JSX","global (nav bar)"
"/program-collections","src/components/navigation-bar/components/nav-layout.tsx","28","Flex as='nav'","aria-label","Main navigation","hardcoded in JSX","global (nav bar)"
"/repository-matcher","src/components/navigation-bar/components/nav-layout.tsx","28","Flex as='nav'","aria-label","Main navigation","hardcoded in JSX","global (nav bar)"
"/resources","src/components/navigation-bar/components/nav-layout.tsx","28","Flex as='nav'","aria-label","Main navigation","hardcoded in JSX","global (nav bar)"
"/saved","src/components/navigation-bar/components/nav-layout.tsx","28","Flex as='nav'","aria-label","Main navigation","hardcoded in JSX","global (nav bar)"
"/search","src/components/navigation-bar/components/nav-layout.tsx","28","Flex as='nav'","aria-label","Main navigation","hardcoded in JSX","global (nav bar)"
"/settings","src/components/navigation-bar/components/nav-layout.tsx","28","Flex as='nav'","aria-label","Main navigation","hardcoded in JSX","global (nav bar)"
"/sources","src/components/navigation-bar/components/nav-layout.tsx","28","Flex as='nav'","aria-label","Main navigation","hardcoded in JSX","global (nav bar)"
"/diseases","src/components/navigation-bar/components/nav-layout.tsx","28","Flex as='nav'","aria-label","Main navigation","hardcoded in JSX","global (nav bar)"
"/diseases/[slug]","src/components/navigation-bar/components/nav-layout.tsx","28","Flex as='nav'","aria-label","Main navigation","hardcoded in JSX","global (nav bar)"
"/features","src/components/navigation-bar/components/nav-layout.tsx","28","Flex as='nav'","aria-label","Main navigation","hardcoded in JSX","global (nav bar)"
"/features/[slug]","src/components/navigation-bar/components/nav-layout.tsx","28","Flex as='nav'","aria-label","Main navigation","hardcoded in JSX","global (nav bar)"
"/knowledge-center","src/components/navigation-bar/components/nav-layout.tsx","28","Flex as='nav'","aria-label","Main navigation","hardcoded in JSX","global (nav bar)"
"/knowledge-center/[...slug]","src/components/navigation-bar/components/nav-layout.tsx","28","Flex as='nav'","aria-label","Main navigation","hardcoded in JSX","global (nav bar)"
"/","src/components/navigation-bar/components/nav-layout.tsx","63","IconButton (menu toggle)","aria-label","{isOpen ? 'Close navigation menu' : 'Open navigation menu'}","hardcoded in JSX","global (nav bar)"
"/404","src/components/navigation-bar/components/nav-layout.tsx","63","IconButton (menu toggle)","aria-label","{isOpen ? 'Close navigation menu' : 'Open navigation menu'}","hardcoded in JSX","global (nav bar)"
"/about","src/components/navigation-bar/components/nav-layout.tsx","63","IconButton (menu toggle)","aria-label","{isOpen ? 'Close navigation menu' : 'Open navigation menu'}","hardcoded in JSX","global (nav bar)"
"/advanced-search","src/components/navigation-bar/components/nav-layout.tsx","63","IconButton (menu toggle)","aria-label","{isOpen ? 'Close navigation menu' : 'Open navigation menu'}","hardcoded in JSX","global (nav bar)"
"/changelog","src/components/navigation-bar/components/nav-layout.tsx","63","IconButton (menu toggle)","aria-label","{isOpen ? 'Close navigation menu' : 'Open navigation menu'}","hardcoded in JSX","global (nav bar)"
"/disclaimer","src/components/navigation-bar/components/nav-layout.tsx","63","IconButton (menu toggle)","aria-label","{isOpen ? 'Close navigation menu' : 'Open navigation menu'}","hardcoded in JSX","global (nav bar)"
"/faq","src/components/navigation-bar/components/nav-layout.tsx","63","IconButton (menu toggle)","aria-label","{isOpen ? 'Close navigation menu' : 'Open navigation menu'}","hardcoded in JSX","global (nav bar)"
"/login","src/components/navigation-bar/components/nav-layout.tsx","63","IconButton (menu toggle)","aria-label","{isOpen ? 'Close navigation menu' : 'Open navigation menu'}","hardcoded in JSX","global (nav bar)"
"/updates","src/components/navigation-bar/components/nav-layout.tsx","63","IconButton (menu toggle)","aria-label","{isOpen ? 'Close navigation menu' : 'Open navigation menu'}","hardcoded in JSX","global (nav bar)"
"/ontology-browser","src/components/navigation-bar/components/nav-layout.tsx","63","IconButton (menu toggle)","aria-label","{isOpen ? 'Close navigation menu' : 'Open navigation menu'}","hardcoded in JSX","global (nav bar)"
"/program-collections","src/components/navigation-bar/components/nav-layout.tsx","63","IconButton (menu toggle)","aria-label","{isOpen ? 'Close navigation menu' : 'Open navigation menu'}","hardcoded in JSX","global (nav bar)"
"/repository-matcher","src/components/navigation-bar/components/nav-layout.tsx","63","IconButton (menu toggle)","aria-label","{isOpen ? 'Close navigation menu' : 'Open navigation menu'}","hardcoded in JSX","global (nav bar)"
"/resources","src/components/navigation-bar/components/nav-layout.tsx","63","IconButton (menu toggle)","aria-label","{isOpen ? 'Close navigation menu' : 'Open navigation menu'}","hardcoded in JSX","global (nav bar)"
"/saved","src/components/navigation-bar/components/nav-layout.tsx","63","IconButton (menu toggle)","aria-label","{isOpen ? 'Close navigation menu' : 'Open navigation menu'}","hardcoded in JSX","global (nav bar)"
"/search","src/components/navigation-bar/components/nav-layout.tsx","63","IconButton (menu toggle)","aria-label","{isOpen ? 'Close navigation menu' : 'Open navigation menu'}","hardcoded in JSX","global (nav bar)"
"/settings","src/components/navigation-bar/components/nav-layout.tsx","63","IconButton (menu toggle)","aria-label","{isOpen ? 'Close navigation menu' : 'Open navigation menu'}","hardcoded in JSX","global (nav bar)"
"/sources","src/components/navigation-bar/components/nav-layout.tsx","63","IconButton (menu toggle)","aria-label","{isOpen ? 'Close navigation menu' : 'Open navigation menu'}","hardcoded in JSX","global (nav bar)"
"/diseases","src/components/navigation-bar/components/nav-layout.tsx","63","IconButton (menu toggle)","aria-label","{isOpen ? 'Close navigation menu' : 'Open navigation menu'}","hardcoded in JSX","global (nav bar)"
"/diseases/[slug]","src/components/navigation-bar/components/nav-layout.tsx","63","IconButton (menu toggle)","aria-label","{isOpen ? 'Close navigation menu' : 'Open navigation menu'}","hardcoded in JSX","global (nav bar)"
"/features","src/components/navigation-bar/components/nav-layout.tsx","63","IconButton (menu toggle)","aria-label","{isOpen ? 'Close navigation menu' : 'Open navigation menu'}","hardcoded in JSX","global (nav bar)"
"/features/[slug]","src/components/navigation-bar/components/nav-layout.tsx","63","IconButton (menu toggle)","aria-label","{isOpen ? 'Close navigation menu' : 'Open navigation menu'}","hardcoded in JSX","global (nav bar)"
"/knowledge-center","src/components/navigation-bar/components/nav-layout.tsx","63","IconButton (menu toggle)","aria-label","{isOpen ? 'Close navigation menu' : 'Open navigation menu'}","hardcoded in JSX","global (nav bar)"
"/knowledge-center/[...slug]","src/components/navigation-bar/components/nav-layout.tsx","63","IconButton (menu toggle)","aria-label","{isOpen ? 'Close navigation menu' : 'Open navigation menu'}","hardcoded in JSX","global (nav bar)"
"/","src/components/navigation-bar/components/nav-dropdown-item.tsx","63","Icon (external link)","aria-label","Opens in new tab","hardcoded in JSX","global (nav bar)"
"/404","src/components/navigation-bar/components/nav-dropdown-item.tsx","63","Icon (external link)","aria-label","Opens in new tab","hardcoded in JSX","global (nav bar)"
"/about","src/components/navigation-bar/components/nav-dropdown-item.tsx","63","Icon (external link)","aria-label","Opens in new tab","hardcoded in JSX","global (nav bar)"
"/advanced-search","src/components/navigation-bar/components/nav-dropdown-item.tsx","63","Icon (external link)","aria-label","Opens in new tab","hardcoded in JSX","global (nav bar)"
"/changelog","src/components/navigation-bar/components/nav-dropdown-item.tsx","63","Icon (external link)","aria-label","Opens in new tab","hardcoded in JSX","global (nav bar)"
"/disclaimer","src/components/navigation-bar/components/nav-dropdown-item.tsx","63","Icon (external link)","aria-label","Opens in new tab","hardcoded in JSX","global (nav bar)"
"/faq","src/components/navigation-bar/components/nav-dropdown-item.tsx","63","Icon (external link)","aria-label","Opens in new tab","hardcoded in JSX","global (nav bar)"
"/login","src/components/navigation-bar/components/nav-dropdown-item.tsx","63","Icon (external link)","aria-label","Opens in new tab","hardcoded in JSX","global (nav bar)"
"/updates","src/components/navigation-bar/components/nav-dropdown-item.tsx","63","Icon (external link)","aria-label","Opens in new tab","hardcoded in JSX","global (nav bar)"
"/ontology-browser","src/components/navigation-bar/components/nav-dropdown-item.tsx","63","Icon (external link)","aria-label","Opens in new tab","hardcoded in JSX","global (nav bar)"
"/program-collections","src/components/navigation-bar/components/nav-dropdown-item.tsx","63","Icon (external link)","aria-label","Opens in new tab","hardcoded in JSX","global (nav bar)"
"/repository-matcher","src/components/navigation-bar/components/nav-dropdown-item.tsx","63","Icon (external link)","aria-label","Opens in new tab","hardcoded in JSX","global (nav bar)"
"/resources","src/components/navigation-bar/components/nav-dropdown-item.tsx","63","Icon (external link)","aria-label","Opens in new tab","hardcoded in JSX","global (nav bar)"
"/saved","src/components/navigation-bar/components/nav-dropdown-item.tsx","63","Icon (external link)","aria-label","Opens in new tab","hardcoded in JSX","global (nav bar)"
"/search","src/components/navigation-bar/components/nav-dropdown-item.tsx","63","Icon (external link)","aria-label","Opens in new tab","hardcoded in JSX","global (nav bar)"
"/settings","src/components/navigation-bar/components/nav-dropdown-item.tsx","63","Icon (external link)","aria-label","Opens in new tab","hardcoded in JSX","global (nav bar)"
"/sources","src/components/navigation-bar/components/nav-dropdown-item.tsx","63","Icon (external link)","aria-label","Opens in new tab","hardcoded in JSX","global (nav bar)"
"/diseases","src/components/navigation-bar/components/nav-dropdown-item.tsx","63","Icon (external link)","aria-label","Opens in new tab","hardcoded in JSX","global (nav bar)"
"/diseases/[slug]","src/components/navigation-bar/components/nav-dropdown-item.tsx","63","Icon (external link)","aria-label","Opens in new tab","hardcoded in JSX","global (nav bar)"
"/features","src/components/navigation-bar/components/nav-dropdown-item.tsx","63","Icon (external link)","aria-label","Opens in new tab","hardcoded in JSX","global (nav bar)"
"/features/[slug]","src/components/navigation-bar/components/nav-dropdown-item.tsx","63","Icon (external link)","aria-label","Opens in new tab","hardcoded in JSX","global (nav bar)"
"/knowledge-center","src/components/navigation-bar/components/nav-dropdown-item.tsx","63","Icon (external link)","aria-label","Opens in new tab","hardcoded in JSX","global (nav bar)"
"/knowledge-center/[...slug]","src/components/navigation-bar/components/nav-dropdown-item.tsx","63","Icon (external link)","aria-label","Opens in new tab","hardcoded in JSX","global (nav bar)"
"/","src/components/navigation-bar/components/nav-dropdown-item.tsx","129","dropdown toggle Button","aria-label","{`${isOpen ? 'Close' : 'Open'} ${label} dropdown`}","template hardcoded in JSX + label from configs/site.config.json navigation","global (nav bar)"
"/404","src/components/navigation-bar/components/nav-dropdown-item.tsx","129","dropdown toggle Button","aria-label","{`${isOpen ? 'Close' : 'Open'} ${label} dropdown`}","template hardcoded in JSX + label from configs/site.config.json navigation","global (nav bar)"
"/about","src/components/navigation-bar/components/nav-dropdown-item.tsx","129","dropdown toggle Button","aria-label","{`${isOpen ? 'Close' : 'Open'} ${label} dropdown`}","template hardcoded in JSX + label from configs/site.config.json navigation","global (nav bar)"
"/advanced-search","src/components/navigation-bar/components/nav-dropdown-item.tsx","129","dropdown toggle Button","aria-label","{`${isOpen ? 'Close' : 'Open'} ${label} dropdown`}","template hardcoded in JSX + label from configs/site.config.json navigation","global (nav bar)"
"/changelog","src/components/navigation-bar/components/nav-dropdown-item.tsx","129","dropdown toggle Button","aria-label","{`${isOpen ? 'Close' : 'Open'} ${label} dropdown`}","template hardcoded in JSX + label from configs/site.config.json navigation","global (nav bar)"
"/disclaimer","src/components/navigation-bar/components/nav-dropdown-item.tsx","129","dropdown toggle Button","aria-label","{`${isOpen ? 'Close' : 'Open'} ${label} dropdown`}","template hardcoded in JSX + label from configs/site.config.json navigation","global (nav bar)"
"/faq","src/components/navigation-bar/components/nav-dropdown-item.tsx","129","dropdown toggle Button","aria-label","{`${isOpen ? 'Close' : 'Open'} ${label} dropdown`}","template hardcoded in JSX + label from configs/site.config.json navigation","global (nav bar)"
"/login","src/components/navigation-bar/components/nav-dropdown-item.tsx","129","dropdown toggle Button","aria-label","{`${isOpen ? 'Close' : 'Open'} ${label} dropdown`}","template hardcoded in JSX + label from configs/site.config.json navigation","global (nav bar)"
"/updates","src/components/navigation-bar/components/nav-dropdown-item.tsx","129","dropdown toggle Button","aria-label","{`${isOpen ? 'Close' : 'Open'} ${label} dropdown`}","template hardcoded in JSX + label from configs/site.config.json navigation","global (nav bar)"
"/ontology-browser","src/components/navigation-bar/components/nav-dropdown-item.tsx","129","dropdown toggle Button","aria-label","{`${isOpen ? 'Close' : 'Open'} ${label} dropdown`}","template hardcoded in JSX + label from configs/site.config.json navigation","global (nav bar)"
"/program-collections","src/components/navigation-bar/components/nav-dropdown-item.tsx","129","dropdown toggle Button","aria-label","{`${isOpen ? 'Close' : 'Open'} ${label} dropdown`}","template hardcoded in JSX + label from configs/site.config.json navigation","global (nav bar)"
"/repository-matcher","src/components/navigation-bar/components/nav-dropdown-item.tsx","129","dropdown toggle Button","aria-label","{`${isOpen ? 'Close' : 'Open'} ${label} dropdown`}","template hardcoded in JSX + label from configs/site.config.json navigation","global (nav bar)"
"/resources","src/components/navigation-bar/components/nav-dropdown-item.tsx","129","dropdown toggle Button","aria-label","{`${isOpen ? 'Close' : 'Open'} ${label} dropdown`}","template hardcoded in JSX + label from configs/site.config.json navigation","global (nav bar)"
"/saved","src/components/navigation-bar/components/nav-dropdown-item.tsx","129","dropdown toggle Button","aria-label","{`${isOpen ? 'Close' : 'Open'} ${label} dropdown`}","template hardcoded in JSX + label from configs/site.config.json navigation","global (nav bar)"
"/search","src/components/navigation-bar/components/nav-dropdown-item.tsx","129","dropdown toggle Button","aria-label","{`${isOpen ? 'Close' : 'Open'} ${label} dropdown`}","template hardcoded in JSX + label from configs/site.config.json navigation","global (nav bar)"
"/settings","src/components/navigation-bar/components/nav-dropdown-item.tsx","129","dropdown toggle Button","aria-label","{`${isOpen ? 'Close' : 'Open'} ${label} dropdown`}","template hardcoded in JSX + label from configs/site.config.json navigation","global (nav bar)"
"/sources","src/components/navigation-bar/components/nav-dropdown-item.tsx","129","dropdown toggle Button","aria-label","{`${isOpen ? 'Close' : 'Open'} ${label} dropdown`}","template hardcoded in JSX + label from configs/site.config.json navigation","global (nav bar)"
"/diseases","src/components/navigation-bar/components/nav-dropdown-item.tsx","129","dropdown toggle Button","aria-label","{`${isOpen ? 'Close' : 'Open'} ${label} dropdown`}","template hardcoded in JSX + label from configs/site.config.json navigation","global (nav bar)"
"/diseases/[slug]","src/components/navigation-bar/components/nav-dropdown-item.tsx","129","dropdown toggle Button","aria-label","{`${isOpen ? 'Close' : 'Open'} ${label} dropdown`}","template hardcoded in JSX + label from configs/site.config.json navigation","global (nav bar)"
"/features","src/components/navigation-bar/components/nav-dropdown-item.tsx","129","dropdown toggle Button","aria-label","{`${isOpen ? 'Close' : 'Open'} ${label} dropdown`}","template hardcoded in JSX + label from configs/site.config.json navigation","global (nav bar)"
"/features/[slug]","src/components/navigation-bar/components/nav-dropdown-item.tsx","129","dropdown toggle Button","aria-label","{`${isOpen ? 'Close' : 'Open'} ${label} dropdown`}","template hardcoded in JSX + label from configs/site.config.json navigation","global (nav bar)"
"/knowledge-center","src/components/navigation-bar/components/nav-dropdown-item.tsx","129","dropdown toggle Button","aria-label","{`${isOpen ? 'Close' : 'Open'} ${label} dropdown`}","template hardcoded in JSX + label from configs/site.config.json navigation","global (nav bar)"
"/knowledge-center/[...slug]","src/components/navigation-bar/components/nav-dropdown-item.tsx","129","dropdown toggle Button","aria-label","{`${isOpen ? 'Close' : 'Open'} ${label} dropdown`}","template hardcoded in JSX + label from configs/site.config.json navigation","global (nav bar)"
"/","src/components/page-container/components/login-error-banner.tsx","60","CloseButton","aria-label","Dismiss login error","hardcoded in JSX","global (page container)"
"/404","src/components/page-container/components/login-error-banner.tsx","60","CloseButton","aria-label","Dismiss login error","hardcoded in JSX","global (page container)"
"/about","src/components/page-container/components/login-error-banner.tsx","60","CloseButton","aria-label","Dismiss login error","hardcoded in JSX","global (page container)"
"/advanced-search","src/components/page-container/components/login-error-banner.tsx","60","CloseButton","aria-label","Dismiss login error","hardcoded in JSX","global (page container)"
"/changelog","src/components/page-container/components/login-error-banner.tsx","60","CloseButton","aria-label","Dismiss login error","hardcoded in JSX","global (page container)"
"/disclaimer","src/components/page-container/components/login-error-banner.tsx","60","CloseButton","aria-label","Dismiss login error","hardcoded in JSX","global (page container)"
"/faq","src/components/page-container/components/login-error-banner.tsx","60","CloseButton","aria-label","Dismiss login error","hardcoded in JSX","global (page container)"
"/login","src/components/page-container/components/login-error-banner.tsx","60","CloseButton","aria-label","Dismiss login error","hardcoded in JSX","global (page container)"
"/updates","src/components/page-container/components/login-error-banner.tsx","60","CloseButton","aria-label","Dismiss login error","hardcoded in JSX","global (page container)"
"/ontology-browser","src/components/page-container/components/login-error-banner.tsx","60","CloseButton","aria-label","Dismiss login error","hardcoded in JSX","global (page container)"
"/program-collections","src/components/page-container/components/login-error-banner.tsx","60","CloseButton","aria-label","Dismiss login error","hardcoded in JSX","global (page container)"
"/repository-matcher","src/components/page-container/components/login-error-banner.tsx","60","CloseButton","aria-label","Dismiss login error","hardcoded in JSX","global (page container)"
"/resources","src/components/page-container/components/login-error-banner.tsx","60","CloseButton","aria-label","Dismiss login error","hardcoded in JSX","global (page container)"
"/saved","src/components/page-container/components/login-error-banner.tsx","60","CloseButton","aria-label","Dismiss login error","hardcoded in JSX","global (page container)"
"/search","src/components/page-container/components/login-error-banner.tsx","60","CloseButton","aria-label","Dismiss login error","hardcoded in JSX","global (page container)"
"/settings","src/components/page-container/components/login-error-banner.tsx","60","CloseButton","aria-label","Dismiss login error","hardcoded in JSX","global (page container)"
"/sources","src/components/page-container/components/login-error-banner.tsx","60","CloseButton","aria-label","Dismiss login error","hardcoded in JSX","global (page container)"
"/diseases","src/components/page-container/components/login-error-banner.tsx","60","CloseButton","aria-label","Dismiss login error","hardcoded in JSX","global (page container)"
"/diseases/[slug]","src/components/page-container/components/login-error-banner.tsx","60","CloseButton","aria-label","Dismiss login error","hardcoded in JSX","global (page container)"
"/features","src/components/page-container/components/login-error-banner.tsx","60","CloseButton","aria-label","Dismiss login error","hardcoded in JSX","global (page container)"
"/features/[slug]","src/components/page-container/components/login-error-banner.tsx","60","CloseButton","aria-label","Dismiss login error","hardcoded in JSX","global (page container)"
"/knowledge-center","src/components/page-container/components/login-error-banner.tsx","60","CloseButton","aria-label","Dismiss login error","hardcoded in JSX","global (page container)"
"/knowledge-center/[...slug]","src/components/page-container/components/login-error-banner.tsx","60","CloseButton","aria-label","Dismiss login error","hardcoded in JSX","global (page container)"
"/","src/components/mdx/components/index.tsx","363","Box as='video'","aria-label","{alt || undefined}","Strapi CMS - markdown image alt re-routed onto the video element (mdx/components/index.tsx:354)","global (any Strapi markdown, incl. page-container banner)"
"/404","src/components/mdx/components/index.tsx","363","Box as='video'","aria-label","{alt || undefined}","Strapi CMS - markdown image alt re-routed onto the video element (mdx/components/index.tsx:354)","global (any Strapi markdown, incl. page-container banner)"
"/about","src/components/mdx/components/index.tsx","363","Box as='video'","aria-label","{alt || undefined}","Strapi CMS - markdown image alt re-routed onto the video element (mdx/components/index.tsx:354)","global (any Strapi markdown, incl. page-container banner)"
"/advanced-search","src/components/mdx/components/index.tsx","363","Box as='video'","aria-label","{alt || undefined}","Strapi CMS - markdown image alt re-routed onto the video element (mdx/components/index.tsx:354)","global (any Strapi markdown, incl. page-container banner)"
"/changelog","src/components/mdx/components/index.tsx","363","Box as='video'","aria-label","{alt || undefined}","Strapi CMS - markdown image alt re-routed onto the video element (mdx/components/index.tsx:354)","global (any Strapi markdown, incl. page-container banner)"
"/disclaimer","src/components/mdx/components/index.tsx","363","Box as='video'","aria-label","{alt || undefined}","Strapi CMS - markdown image alt re-routed onto the video element (mdx/components/index.tsx:354)","global (any Strapi markdown, incl. page-container banner)"
"/faq","src/components/mdx/components/index.tsx","363","Box as='video'","aria-label","{alt || undefined}","Strapi CMS - markdown image alt re-routed onto the video element (mdx/components/index.tsx:354)","global (any Strapi markdown, incl. page-container banner)"
"/login","src/components/mdx/components/index.tsx","363","Box as='video'","aria-label","{alt || undefined}","Strapi CMS - markdown image alt re-routed onto the video element (mdx/components/index.tsx:354)","global (any Strapi markdown, incl. page-container banner)"
"/updates","src/components/mdx/components/index.tsx","363","Box as='video'","aria-label","{alt || undefined}","Strapi CMS - markdown image alt re-routed onto the video element (mdx/components/index.tsx:354)","global (any Strapi markdown, incl. page-container banner)"
"/ontology-browser","src/components/mdx/components/index.tsx","363","Box as='video'","aria-label","{alt || undefined}","Strapi CMS - markdown image alt re-routed onto the video element (mdx/components/index.tsx:354)","global (any Strapi markdown, incl. page-container banner)"
"/program-collections","src/components/mdx/components/index.tsx","363","Box as='video'","aria-label","{alt || undefined}","Strapi CMS - markdown image alt re-routed onto the video element (mdx/components/index.tsx:354)","global (any Strapi markdown, incl. page-container banner)"
"/repository-matcher","src/components/mdx/components/index.tsx","363","Box as='video'","aria-label","{alt || undefined}","Strapi CMS - markdown image alt re-routed onto the video element (mdx/components/index.tsx:354)","global (any Strapi markdown, incl. page-container banner)"
"/resources","src/components/mdx/components/index.tsx","363","Box as='video'","aria-label","{alt || undefined}","Strapi CMS - markdown image alt re-routed onto the video element (mdx/components/index.tsx:354)","global (any Strapi markdown, incl. page-container banner)"
"/saved","src/components/mdx/components/index.tsx","363","Box as='video'","aria-label","{alt || undefined}","Strapi CMS - markdown image alt re-routed onto the video element (mdx/components/index.tsx:354)","global (any Strapi markdown, incl. page-container banner)"
"/search","src/components/mdx/components/index.tsx","363","Box as='video'","aria-label","{alt || undefined}","Strapi CMS - markdown image alt re-routed onto the video element (mdx/components/index.tsx:354)","global (any Strapi markdown, incl. page-container banner)"
"/settings","src/components/mdx/components/index.tsx","363","Box as='video'","aria-label","{alt || undefined}","Strapi CMS - markdown image alt re-routed onto the video element (mdx/components/index.tsx:354)","global (any Strapi markdown, incl. page-container banner)"
"/sources","src/components/mdx/components/index.tsx","363","Box as='video'","aria-label","{alt || undefined}","Strapi CMS - markdown image alt re-routed onto the video element (mdx/components/index.tsx:354)","global (any Strapi markdown, incl. page-container banner)"
"/diseases","src/components/mdx/components/index.tsx","363","Box as='video'","aria-label","{alt || undefined}","Strapi CMS - markdown image alt re-routed onto the video element (mdx/components/index.tsx:354)","global (any Strapi markdown, incl. page-container banner)"
"/diseases/[slug]","src/components/mdx/components/index.tsx","363","Box as='video'","aria-label","{alt || undefined}","Strapi CMS - markdown image alt re-routed onto the video element (mdx/components/index.tsx:354)","global (any Strapi markdown, incl. page-container banner)"
"/features","src/components/mdx/components/index.tsx","363","Box as='video'","aria-label","{alt || undefined}","Strapi CMS - markdown image alt re-routed onto the video element (mdx/components/index.tsx:354)","global (any Strapi markdown, incl. page-container banner)"
"/features/[slug]","src/components/mdx/components/index.tsx","363","Box as='video'","aria-label","{alt || undefined}","Strapi CMS - markdown image alt re-routed onto the video element (mdx/components/index.tsx:354)","global (any Strapi markdown, incl. page-container banner)"
"/knowledge-center","src/components/mdx/components/index.tsx","363","Box as='video'","aria-label","{alt || undefined}","Strapi CMS - markdown image alt re-routed onto the video element (mdx/components/index.tsx:354)","global (any Strapi markdown, incl. page-container banner)"
"/knowledge-center/[...slug]","src/components/mdx/components/index.tsx","363","Box as='video'","aria-label","{alt || undefined}","Strapi CMS - markdown image alt re-routed onto the video element (mdx/components/index.tsx:354)","global (any Strapi markdown, incl. page-container banner)"
"/404","src/components/page-container/components/search/components/ai-toggle.tsx","129","IconButton","aria-label","More information about AI-assisted search","hardcoded in JSX","shared (page-container search bar)"
"/about","src/components/page-container/components/search/components/ai-toggle.tsx","129","IconButton","aria-label","More information about AI-assisted search","hardcoded in JSX","shared (page-container search bar)"
"/resources","src/components/page-container/components/search/components/ai-toggle.tsx","129","IconButton","aria-label","More information about AI-assisted search","hardcoded in JSX","shared (page-container search bar)"
"/search","src/components/page-container/components/search/components/ai-toggle.tsx","129","IconButton","aria-label","More information about AI-assisted search","hardcoded in JSX","shared (page-container search bar)"
"/404","src/components/page-container/components/search/components/input.tsx","24","SearchWithDropdown.Input (ariaLabel prop)","aria-label","{ariaLabel}","default value 'Search for resources' set at input.tsx:18; flows to src/components/search-bar/index.tsx:63,77","shared (page-container search bar)"
"/about","src/components/page-container/components/search/components/input.tsx","24","SearchWithDropdown.Input (ariaLabel prop)","aria-label","{ariaLabel}","default value 'Search for resources' set at input.tsx:18; flows to src/components/search-bar/index.tsx:63,77","shared (page-container search bar)"
"/resources","src/components/page-container/components/search/components/input.tsx","24","SearchWithDropdown.Input (ariaLabel prop)","aria-label","{ariaLabel}","default value 'Search for resources' set at input.tsx:18; flows to src/components/search-bar/index.tsx:63,77","shared (page-container search bar)"
"/search","src/components/page-container/components/search/components/input.tsx","24","SearchWithDropdown.Input (ariaLabel prop)","aria-label","{ariaLabel}","default value 'Search for resources' set at input.tsx:18; flows to src/components/search-bar/index.tsx:63,77","shared (page-container search bar)"
"/404","src/components/search-bar/index.tsx","63","Input","aria-label","{inputProps.ariaLabel}","caller-supplied: 'Search for resources' (page-container input.tsx:18 default) / 'Search Knowledge Center' (src/pages/knowledge-center/[[...slug]].tsx:140)","shared"
"/about","src/components/search-bar/index.tsx","63","Input","aria-label","{inputProps.ariaLabel}","caller-supplied: 'Search for resources' (page-container input.tsx:18 default) / 'Search Knowledge Center' (src/pages/knowledge-center/[[...slug]].tsx:140)","shared"
"/knowledge-center","src/components/search-bar/index.tsx","63","Input","aria-label","{inputProps.ariaLabel}","caller-supplied: 'Search for resources' (page-container input.tsx:18 default) / 'Search Knowledge Center' (src/pages/knowledge-center/[[...slug]].tsx:140)","shared"
"/knowledge-center/[...slug]","src/components/search-bar/index.tsx","63","Input","aria-label","{inputProps.ariaLabel}","caller-supplied: 'Search for resources' (page-container input.tsx:18 default) / 'Search Knowledge Center' (src/pages/knowledge-center/[[...slug]].tsx:140)","shared"
"/resources","src/components/search-bar/index.tsx","63","Input","aria-label","{inputProps.ariaLabel}","caller-supplied: 'Search for resources' (page-container input.tsx:18 default) / 'Search Knowledge Center' (src/pages/knowledge-center/[[...slug]].tsx:140)","shared"
"/search","src/components/search-bar/index.tsx","63","Input","aria-label","{inputProps.ariaLabel}","caller-supplied: 'Search for resources' (page-container input.tsx:18 default) / 'Search Knowledge Center' (src/pages/knowledge-center/[[...slug]].tsx:140)","shared"
"/404","src/components/search-bar/index.tsx","77","Input (secondary)","aria-label","{inputProps.ariaLabel}","caller-supplied: 'Search for resources' (page-container input.tsx:18 default) / 'Search Knowledge Center' (src/pages/knowledge-center/[[...slug]].tsx:140)","shared"
"/about","src/components/search-bar/index.tsx","77","Input (secondary)","aria-label","{inputProps.ariaLabel}","caller-supplied: 'Search for resources' (page-container input.tsx:18 default) / 'Search Knowledge Center' (src/pages/knowledge-center/[[...slug]].tsx:140)","shared"
"/knowledge-center","src/components/search-bar/index.tsx","77","Input (secondary)","aria-label","{inputProps.ariaLabel}","caller-supplied: 'Search for resources' (page-container input.tsx:18 default) / 'Search Knowledge Center' (src/pages/knowledge-center/[[...slug]].tsx:140)","shared"
"/knowledge-center/[...slug]","src/components/search-bar/index.tsx","77","Input (secondary)","aria-label","{inputProps.ariaLabel}","caller-supplied: 'Search for resources' (page-container input.tsx:18 default) / 'Search Knowledge Center' (src/pages/knowledge-center/[[...slug]].tsx:140)","shared"
"/resources","src/components/search-bar/index.tsx","77","Input (secondary)","aria-label","{inputProps.ariaLabel}","caller-supplied: 'Search for resources' (page-container input.tsx:18 default) / 'Search Knowledge Center' (src/pages/knowledge-center/[[...slug]].tsx:140)","shared"
"/search","src/components/search-bar/index.tsx","77","Input (secondary)","aria-label","{inputProps.ariaLabel}","caller-supplied: 'Search for resources' (page-container input.tsx:18 default) / 'Search Knowledge Center' (src/pages/knowledge-center/[[...slug]].tsx:140)","shared"
"/404","src/components/search-bar/index.tsx","231","SearchInput (ariaLabel prop)","aria-label","{ariaLabel}","caller-supplied: 'Search for resources' (page-container input.tsx:18 default) / 'Search Knowledge Center' (src/pages/knowledge-center/[[...slug]].tsx:140)","shared"
"/about","src/components/search-bar/index.tsx","231","SearchInput (ariaLabel prop)","aria-label","{ariaLabel}","caller-supplied: 'Search for resources' (page-container input.tsx:18 default) / 'Search Knowledge Center' (src/pages/knowledge-center/[[...slug]].tsx:140)","shared"
"/knowledge-center","src/components/search-bar/index.tsx","231","SearchInput (ariaLabel prop)","aria-label","{ariaLabel}","caller-supplied: 'Search for resources' (page-container input.tsx:18 default) / 'Search Knowledge Center' (src/pages/knowledge-center/[[...slug]].tsx:140)","shared"
"/knowledge-center/[...slug]","src/components/search-bar/index.tsx","231","SearchInput (ariaLabel prop)","aria-label","{ariaLabel}","caller-supplied: 'Search for resources' (page-container input.tsx:18 default) / 'Search Knowledge Center' (src/pages/knowledge-center/[[...slug]].tsx:140)","shared"
"/resources","src/components/search-bar/index.tsx","231","SearchInput (ariaLabel prop)","aria-label","{ariaLabel}","caller-supplied: 'Search for resources' (page-container input.tsx:18 default) / 'Search Knowledge Center' (src/pages/knowledge-center/[[...slug]].tsx:140)","shared"
"/search","src/components/search-bar/index.tsx","231","SearchInput (ariaLabel prop)","aria-label","{ariaLabel}","caller-supplied: 'Search for resources' (page-container input.tsx:18 default) / 'Search Knowledge Center' (src/pages/knowledge-center/[[...slug]].tsx:140)","shared"
"/404","src/components/search-bar/index.tsx","95","IconButton","aria-label","View search history.","hardcoded in JSX","shared"
"/about","src/components/search-bar/index.tsx","95","IconButton","aria-label","View search history.","hardcoded in JSX","shared"
"/knowledge-center","src/components/search-bar/index.tsx","95","IconButton","aria-label","View search history.","hardcoded in JSX","shared"
"/knowledge-center/[...slug]","src/components/search-bar/index.tsx","95","IconButton","aria-label","View search history.","hardcoded in JSX","shared"
"/resources","src/components/search-bar/index.tsx","95","IconButton","aria-label","View search history.","hardcoded in JSX","shared"
"/search","src/components/search-bar/index.tsx","95","IconButton","aria-label","View search history.","hardcoded in JSX","shared"
"/404","src/components/search-bar/index.tsx","281","IconButton","aria-label","View search history.","hardcoded in JSX","shared"
"/about","src/components/search-bar/index.tsx","281","IconButton","aria-label","View search history.","hardcoded in JSX","shared"
"/knowledge-center","src/components/search-bar/index.tsx","281","IconButton","aria-label","View search history.","hardcoded in JSX","shared"
"/knowledge-center/[...slug]","src/components/search-bar/index.tsx","281","IconButton","aria-label","View search history.","hardcoded in JSX","shared"
"/resources","src/components/search-bar/index.tsx","281","IconButton","aria-label","View search history.","hardcoded in JSX","shared"
"/search","src/components/search-bar/index.tsx","281","IconButton","aria-label","View search history.","hardcoded in JSX","shared"
"/404","src/components/search-bar/index.tsx","316","IconButton","aria-label","Close search history.","hardcoded in JSX","shared"
"/about","src/components/search-bar/index.tsx","316","IconButton","aria-label","Close search history.","hardcoded in JSX","shared"
"/knowledge-center","src/components/search-bar/index.tsx","316","IconButton","aria-label","Close search history.","hardcoded in JSX","shared"
"/knowledge-center/[...slug]","src/components/search-bar/index.tsx","316","IconButton","aria-label","Close search history.","hardcoded in JSX","shared"
"/resources","src/components/search-bar/index.tsx","316","IconButton","aria-label","Close search history.","hardcoded in JSX","shared"
"/search","src/components/search-bar/index.tsx","316","IconButton","aria-label","Close search history.","hardcoded in JSX","shared"
"/advanced-search","src/components/advanced-search/components/SortableWithCombine/components/TreeItem/components/TreeItemActions.tsx","45","Action (drag handle)","aria-label","drag item","hardcoded in JSX","route-specific"
"/advanced-search","src/components/advanced-search/components/SortableWithCombine/components/TreeItem/components/TreeItemActions.tsx","54","Action (collapse)","aria-label","collapse items","hardcoded in JSX","route-specific"
"/advanced-search","src/components/advanced-search/components/SortableWithCombine/components/TreeItem/components/TreeItemActions.tsx","69","Action (collapse)","aria-label","collapse items","hardcoded in JSX","route-specific"
"/advanced-search","src/components/advanced-search/components/SortableWithCombine/components/TreeItem/components/TreeItemActions.tsx","84","Remove","aria-label","remove item","hardcoded in JSX","route-specific"
"/advanced-search","src/components/advanced-search/components/SortableWithCombine/components/TreeItem/components/Actions/Remove.tsx","14","Action","aria-label","{props['aria-label']}","caller-supplied: 'remove item' (TreeItemActions.tsx:84)","route-specific"
"/advanced-search","src/components/advanced-search/components/SortableWithCombine/components/TreeItem/components/Actions/Action.tsx","12","Button","aria-label","{props['aria-label']}","caller-supplied: 'drag item' / 'collapse items' (TreeItemActions.tsx:45,54,69)","route-specific"
"/advanced-search","src/components/advanced-search/components/EditableQueryText/index.tsx","204","IconButton","aria-label","Cancel","hardcoded in JSX","route-specific"
"/advanced-search","src/components/advanced-search/components/EditableQueryText/index.tsx","212","IconButton","aria-label","Accept Edit.","hardcoded in JSX","route-specific"
"/advanced-search","src/components/advanced-search/components/EditableQueryText/index.tsx","223","IconButton","aria-label","Edit","hardcoded in JSX","route-specific"
"/advanced-search","src/components/advanced-search/components/EditableQueryText/index.tsx","281","Input","aria-labelledby","'editable-label'","references the element with id='editable-label' in the same component","route-specific"
"/advanced-search","src/components/advanced-search/components/Search/components/FieldSelect/index.tsx","255","Select","aria-labelledby","'field-select-label'","references the element with id='field-select-label'","route-specific"
"/advanced-search","src/components/advanced-search/components/SortableWithCombine/components/TreeItem/components/EditableContent/SearchLabel.tsx","46","Select","aria-labelledby","'field-select-label'","references the element with id='field-select-label'","route-specific"
"/advanced-search","src/components/advanced-search/components/Search/components/SearchInput/components/TextInput.tsx","59","DropdownButton (ariaLabel prop)","aria-label","Add","hardcoded in JSX","route-specific"
"/advanced-search","src/components/advanced-search/components/Search/components/SearchInput/components/InputSubmitButton.tsx","47","DropdownButton (ariaLabel prop)","aria-label","Submit button","hardcoded in JSX","route-specific"
"/advanced-search","src/components/advanced-search/components/SortableWithCombine/components/TreeItem/components/UnionButton.tsx","26","DropdownButton (ariaLabel prop)","aria-label","union between query elements","hardcoded in JSX","route-specific"
"/advanced-search","src/components/search-with-predictive-text/components/PredictiveSearch.tsx","117","SearchInput (ariaLabel prop)","aria-label","{ariaLabel}","caller-supplied from TextInput.tsx:59","route-specific"
"/advanced-search","src/components/dropdown-button/index.tsx","60","Button","aria-label","{ariaLabel}","caller-supplied: 'Add' / 'Submit button' / 'union between query elements'","shared"
"/advanced-search","src/components/dropdown-button/index.tsx","70","IconButton","aria-label","{ariaLabel}","caller-supplied: 'Add' / 'Submit button' / 'union between query elements'","shared"
"/resources","src/components/resource-sections/components/sidebar/components/external/components/altmetric.tsx","24","Link/Box","aria-label","{`altmetric badge for doi ${doi}`}","template hardcoded in JSX + doi from NDE API","route-specific"
"/resources","src/components/resource-sections/components/based-on/index.tsx","173","Table (ariaLabel)","aria-label","{title}","section title from NDE API resource data","route-specific"
"/resources","src/components/resource-sections/components/section/index.tsx","59","Button","aria-label","{`show more details about ${name}`}","template hardcoded in JSX + name from NDE API","route-specific"
"/resources","src/components/resource-sections/components/authors/index.tsx","171","Link","aria-label","Personal website.","hardcoded in JSX","route-specific"
"/resources","src/components/resource-sections/components/cited-by-table/index.tsx","104","Table","aria-label","Cited by information","hardcoded in JSX","route-specific"
"/resources","src/components/resource-sections/components/funding/index.tsx","137","Table","aria-label","Grant and funding information","hardcoded in JSX","route-specific"
"/resources","src/components/resource-sections/components/files-table/index.tsx","24","Table (ariaLabel prop)","aria-label","List of downloadable files.","hardcoded in JSX","route-specific"
"/resources","src/components/resource-sections/components/samples/components/SampleTable/index.tsx","39","Table (ariaLabel prop)","aria-label","{label}","label derived from the sample section config in the same view","route-specific"
"/resources","src/components/copy-button/index.tsx","51","Button","aria-label","{hasCopied ? copiedText : buttonText}","caller-supplied copiedText/buttonText props (resource-sections/components/header, json-viewer)","shared"
"/resources","src/components/bookmark-buttons/icon-button.tsx","24","IconButton","aria-label","{label}","caller-supplied: saved/table-config.tsx:93 ('Remove saved query' / 'Save query'), search-results-header/index.tsx:108 ('Remove search from saved searches' / 'Save this search')","shared"
"/saved","src/components/bookmark-buttons/icon-button.tsx","24","IconButton","aria-label","{label}","caller-supplied: saved/table-config.tsx:93 ('Remove saved query' / 'Save query'), search-results-header/index.tsx:108 ('Remove search from saved searches' / 'Save this search')","shared"
"/search","src/components/bookmark-buttons/icon-button.tsx","24","IconButton","aria-label","{label}","caller-supplied: saved/table-config.tsx:93 ('Remove saved query' / 'Save query'), search-results-header/index.tsx:108 ('Remove search from saved searches' / 'Save this search')","shared"
"/","src/components/table/index.tsx","641","Table","aria-label","{ariaLabel}","caller-supplied - see the concrete literals at the call sites listed below in this file","shared"
"/repository-matcher","src/components/table/index.tsx","641","Table","aria-label","{ariaLabel}","caller-supplied - see the concrete literals at the call sites listed below in this file","shared"
"/resources","src/components/table/index.tsx","641","Table","aria-label","{ariaLabel}","caller-supplied - see the concrete literals at the call sites listed below in this file","shared"
"/saved","src/components/table/index.tsx","641","Table","aria-label","{ariaLabel}","caller-supplied - see the concrete literals at the call sites listed below in this file","shared"
"/search","src/components/table/index.tsx","641","Table","aria-label","{ariaLabel}","caller-supplied - see the concrete literals at the call sites listed below in this file","shared"
"/","src/components/table/index.tsx","697","Table (mobile)","aria-label","{ariaLabel}","caller-supplied - see concrete call-site literals","shared"
"/repository-matcher","src/components/table/index.tsx","697","Table (mobile)","aria-label","{ariaLabel}","caller-supplied - see concrete call-site literals","shared"
"/resources","src/components/table/index.tsx","697","Table (mobile)","aria-label","{ariaLabel}","caller-supplied - see concrete call-site literals","shared"
"/saved","src/components/table/index.tsx","697","Table (mobile)","aria-label","{ariaLabel}","caller-supplied - see concrete call-site literals","shared"
"/search","src/components/table/index.tsx","697","Table (mobile)","aria-label","{ariaLabel}","caller-supplied - see concrete call-site literals","shared"
"/","src/components/table/index.tsx","718","Table (fallback)","aria-label","{ariaLabel}","caller-supplied - see concrete call-site literals","shared"
"/repository-matcher","src/components/table/index.tsx","718","Table (fallback)","aria-label","{ariaLabel}","caller-supplied - see concrete call-site literals","shared"
"/resources","src/components/table/index.tsx","718","Table (fallback)","aria-label","{ariaLabel}","caller-supplied - see concrete call-site literals","shared"
"/saved","src/components/table/index.tsx","718","Table (fallback)","aria-label","{ariaLabel}","caller-supplied - see concrete call-site literals","shared"
"/search","src/components/table/index.tsx","718","Table (fallback)","aria-label","{ariaLabel}","caller-supplied - see concrete call-site literals","shared"
"/","src/components/table/components/sort-toggle.tsx","22","IconButton","aria-label","sort table column ascending","hardcoded in JSX","shared"
"/repository-matcher","src/components/table/components/sort-toggle.tsx","22","IconButton","aria-label","sort table column ascending","hardcoded in JSX","shared"
"/resources","src/components/table/components/sort-toggle.tsx","22","IconButton","aria-label","sort table column ascending","hardcoded in JSX","shared"
"/saved","src/components/table/components/sort-toggle.tsx","22","IconButton","aria-label","sort table column ascending","hardcoded in JSX","shared"
"/search","src/components/table/components/sort-toggle.tsx","22","IconButton","aria-label","sort table column ascending","hardcoded in JSX","shared"
"/","src/components/table/components/sort-toggle.tsx","32","IconButton","aria-label","sort table column descending","hardcoded in JSX","shared"
"/repository-matcher","src/components/table/components/sort-toggle.tsx","32","IconButton","aria-label","sort table column descending","hardcoded in JSX","shared"
"/resources","src/components/table/components/sort-toggle.tsx","32","IconButton","aria-label","sort table column descending","hardcoded in JSX","shared"
"/saved","src/components/table/components/sort-toggle.tsx","32","IconButton","aria-label","sort table column descending","hardcoded in JSX","shared"
"/search","src/components/table/components/sort-toggle.tsx","32","IconButton","aria-label","sort table column descending","hardcoded in JSX","shared"
"/","src/components/table/components/pagination.tsx","107","nav","aria-label","{ariaLabel}","caller-supplied","shared"
"/repository-matcher","src/components/table/components/pagination.tsx","107","nav","aria-label","{ariaLabel}","caller-supplied","shared"
"/resources","src/components/table/components/pagination.tsx","107","nav","aria-label","{ariaLabel}","caller-supplied","shared"
"/saved","src/components/table/components/pagination.tsx","107","nav","aria-label","{ariaLabel}","caller-supplied","shared"
"/search","src/components/table/components/pagination.tsx","107","nav","aria-label","{ariaLabel}","caller-supplied","shared"
"/","src/components/table/components/pagination.tsx","142","Select","aria-label","Select number of rows per page","hardcoded in JSX","shared"
"/repository-matcher","src/components/table/components/pagination.tsx","142","Select","aria-label","Select number of rows per page","hardcoded in JSX","shared"
"/resources","src/components/table/components/pagination.tsx","142","Select","aria-label","Select number of rows per page","hardcoded in JSX","shared"
"/saved","src/components/table/components/pagination.tsx","142","Select","aria-label","Select number of rows per page","hardcoded in JSX","shared"
"/search","src/components/table/components/pagination.tsx","142","Select","aria-label","Select number of rows per page","hardcoded in JSX","shared"
"/","src/components/table/components/pagination.tsx","177","Select","aria-label","Select page","hardcoded in JSX","shared"
"/repository-matcher","src/components/table/components/pagination.tsx","177","Select","aria-label","Select page","hardcoded in JSX","shared"
"/resources","src/components/table/components/pagination.tsx","177","Select","aria-label","Select page","hardcoded in JSX","shared"
"/saved","src/components/table/components/pagination.tsx","177","Select","aria-label","Select page","hardcoded in JSX","shared"
"/search","src/components/table/components/pagination.tsx","177","Select","aria-label","Select page","hardcoded in JSX","shared"
"/","src/components/table/components/pagination.tsx","158","IconButton (ariaLabel prop)","aria-label","Go to first page.","hardcoded in JSX","shared"
"/repository-matcher","src/components/table/components/pagination.tsx","158","IconButton (ariaLabel prop)","aria-label","Go to first page.","hardcoded in JSX","shared"
"/resources","src/components/table/components/pagination.tsx","158","IconButton (ariaLabel prop)","aria-label","Go to first page.","hardcoded in JSX","shared"
"/saved","src/components/table/components/pagination.tsx","158","IconButton (ariaLabel prop)","aria-label","Go to first page.","hardcoded in JSX","shared"
"/search","src/components/table/components/pagination.tsx","158","IconButton (ariaLabel prop)","aria-label","Go to first page.","hardcoded in JSX","shared"
"/","src/components/table/components/pagination.tsx","164","IconButton (ariaLabel prop)","aria-label","Go to previous page.","hardcoded in JSX","shared"
"/repository-matcher","src/components/table/components/pagination.tsx","164","IconButton (ariaLabel prop)","aria-label","Go to previous page.","hardcoded in JSX","shared"
"/resources","src/components/table/components/pagination.tsx","164","IconButton (ariaLabel prop)","aria-label","Go to previous page.","hardcoded in JSX","shared"
"/saved","src/components/table/components/pagination.tsx","164","IconButton (ariaLabel prop)","aria-label","Go to previous page.","hardcoded in JSX","shared"
"/search","src/components/table/components/pagination.tsx","164","IconButton (ariaLabel prop)","aria-label","Go to previous page.","hardcoded in JSX","shared"
"/","src/components/table/components/pagination.tsx","189","IconButton (ariaLabel prop)","aria-label","Go to next page.","hardcoded in JSX","shared"
"/repository-matcher","src/components/table/components/pagination.tsx","189","IconButton (ariaLabel prop)","aria-label","Go to next page.","hardcoded in JSX","shared"
"/resources","src/components/table/components/pagination.tsx","189","IconButton (ariaLabel prop)","aria-label","Go to next page.","hardcoded in JSX","shared"
"/saved","src/components/table/components/pagination.tsx","189","IconButton (ariaLabel prop)","aria-label","Go to next page.","hardcoded in JSX","shared"
"/search","src/components/table/components/pagination.tsx","189","IconButton (ariaLabel prop)","aria-label","Go to next page.","hardcoded in JSX","shared"
"/","src/components/table/components/pagination.tsx","195","IconButton (ariaLabel prop)","aria-label","Go to last page.","hardcoded in JSX","shared"
"/repository-matcher","src/components/table/components/pagination.tsx","195","IconButton (ariaLabel prop)","aria-label","Go to last page.","hardcoded in JSX","shared"
"/resources","src/components/table/components/pagination.tsx","195","IconButton (ariaLabel prop)","aria-label","Go to last page.","hardcoded in JSX","shared"
"/saved","src/components/table/components/pagination.tsx","195","IconButton (ariaLabel prop)","aria-label","Go to last page.","hardcoded in JSX","shared"
"/search","src/components/table/components/pagination.tsx","195","IconButton (ariaLabel prop)","aria-label","Go to last page.","hardcoded in JSX","shared"
"/","src/components/carousel/components/CarouselControls.tsx","38","IconButton","aria-label","previous carousel item","hardcoded in JSX","shared"
"/search","src/components/carousel/components/CarouselControls.tsx","38","IconButton","aria-label","previous carousel item","hardcoded in JSX","shared"
"/","src/components/carousel/components/CarouselControls.tsx","60","Box (progressbar)","aria-label","{`Carousel progress: ${Math.round(progressPercentage)}% complete`}","template hardcoded in JSX","shared"
"/search","src/components/carousel/components/CarouselControls.tsx","60","Box (progressbar)","aria-label","{`Carousel progress: ${Math.round(progressPercentage)}% complete`}","template hardcoded in JSX","shared"
"/","src/components/carousel/components/CarouselControls.tsx","83","Box (indicator dot)","aria-label","{`carousel indicator ${i + 1} of ${totalDots}${shouldHighlight ? ' (current)' : ''}`}","template hardcoded in JSX","shared"
"/search","src/components/carousel/components/CarouselControls.tsx","83","Box (indicator dot)","aria-label","{`carousel indicator ${i + 1} of ${totalDots}${shouldHighlight ? ' (current)' : ''}`}","template hardcoded in JSX","shared"
"/","src/components/carousel/components/CarouselControls.tsx","122","IconButton","aria-label","next carousel item","hardcoded in JSX","shared"
"/search","src/components/carousel/components/CarouselControls.tsx","122","IconButton","aria-label","next carousel item","hardcoded in JSX","shared"
"/diseases","src/components/table-of-contents/layouts/sidebar.tsx","22","Box as='nav'","aria-label","{ariaLabel}","caller-supplied: 'Navigation for list of featured pages.' / 'Navigation for list of disease pages.' / 'Navigation for program collections list.' / 'Navigation for data sources.'","shared"
"/features","src/components/table-of-contents/layouts/sidebar.tsx","22","Box as='nav'","aria-label","{ariaLabel}","caller-supplied: 'Navigation for list of featured pages.' / 'Navigation for list of disease pages.' / 'Navigation for program collections list.' / 'Navigation for data sources.'","shared"
"/program-collections","src/components/table-of-contents/layouts/sidebar.tsx","22","Box as='nav'","aria-label","{ariaLabel}","caller-supplied: 'Navigation for list of featured pages.' / 'Navigation for list of disease pages.' / 'Navigation for program collections list.' / 'Navigation for data sources.'","shared"
"/sources","src/components/table-of-contents/layouts/sidebar.tsx","22","Box as='nav'","aria-label","{ariaLabel}","caller-supplied: 'Navigation for list of featured pages.' / 'Navigation for list of disease pages.' / 'Navigation for program collections list.' / 'Navigation for data sources.'","shared"
"/diseases","src/components/table-of-contents/layouts/section-search.tsx","21","SearchInput (ariaLabel prop)","aria-label","{ariaLabel}","caller-supplied: 'Search for a featured page' / 'Search for a disease' / 'Search for a program collection' / 'Search for a source'","shared"
"/features","src/components/table-of-contents/layouts/section-search.tsx","21","SearchInput (ariaLabel prop)","aria-label","{ariaLabel}","caller-supplied: 'Search for a featured page' / 'Search for a disease' / 'Search for a program collection' / 'Search for a source'","shared"
"/program-collections","src/components/table-of-contents/layouts/section-search.tsx","21","SearchInput (ariaLabel prop)","aria-label","{ariaLabel}","caller-supplied: 'Search for a featured page' / 'Search for a disease' / 'Search for a program collection' / 'Search for a source'","shared"
"/sources","src/components/table-of-contents/layouts/section-search.tsx","21","SearchInput (ariaLabel prop)","aria-label","{ariaLabel}","caller-supplied: 'Search for a featured page' / 'Search for a disease' / 'Search for a program collection' / 'Search for a source'","shared"
"/","src/components/search-input/index.tsx","134","IconButton","aria-label","search","hardcoded in JSX","shared"
"/diseases","src/components/search-input/index.tsx","134","IconButton","aria-label","search","hardcoded in JSX","shared"
"/features","src/components/search-input/index.tsx","134","IconButton","aria-label","search","hardcoded in JSX","shared"
"/knowledge-center","src/components/search-input/index.tsx","134","IconButton","aria-label","search","hardcoded in JSX","shared"
"/knowledge-center/[...slug]","src/components/search-input/index.tsx","134","IconButton","aria-label","search","hardcoded in JSX","shared"
"/program-collections","src/components/search-input/index.tsx","134","IconButton","aria-label","search","hardcoded in JSX","shared"
"/repository-matcher","src/components/search-input/index.tsx","134","IconButton","aria-label","search","hardcoded in JSX","shared"
"/saved","src/components/search-input/index.tsx","134","IconButton","aria-label","search","hardcoded in JSX","shared"
"/search","src/components/search-input/index.tsx","134","IconButton","aria-label","search","hardcoded in JSX","shared"
"/sources","src/components/search-input/index.tsx","134","IconButton","aria-label","search","hardcoded in JSX","shared"
"/","src/components/search-input/index.tsx","155","IconButton","aria-label","Open search input","hardcoded in JSX","shared"
"/diseases","src/components/search-input/index.tsx","155","IconButton","aria-label","Open search input","hardcoded in JSX","shared"
"/features","src/components/search-input/index.tsx","155","IconButton","aria-label","Open search input","hardcoded in JSX","shared"
"/knowledge-center","src/components/search-input/index.tsx","155","IconButton","aria-label","Open search input","hardcoded in JSX","shared"
"/knowledge-center/[...slug]","src/components/search-input/index.tsx","155","IconButton","aria-label","Open search input","hardcoded in JSX","shared"
"/program-collections","src/components/search-input/index.tsx","155","IconButton","aria-label","Open search input","hardcoded in JSX","shared"
"/repository-matcher","src/components/search-input/index.tsx","155","IconButton","aria-label","Open search input","hardcoded in JSX","shared"
"/saved","src/components/search-input/index.tsx","155","IconButton","aria-label","Open search input","hardcoded in JSX","shared"
"/search","src/components/search-input/index.tsx","155","IconButton","aria-label","Open search input","hardcoded in JSX","shared"
"/sources","src/components/search-input/index.tsx","155","IconButton","aria-label","Open search input","hardcoded in JSX","shared"
"/404","src/components/input-with-dropdown/components/DropdownInput.tsx","242","IconButton","aria-label","Clear search input","hardcoded in JSX","shared"
"/about","src/components/input-with-dropdown/components/DropdownInput.tsx","242","IconButton","aria-label","Clear search input","hardcoded in JSX","shared"
"/advanced-search","src/components/input-with-dropdown/components/DropdownInput.tsx","242","IconButton","aria-label","Clear search input","hardcoded in JSX","shared"
"/knowledge-center","src/components/input-with-dropdown/components/DropdownInput.tsx","242","IconButton","aria-label","Clear search input","hardcoded in JSX","shared"
"/knowledge-center/[...slug]","src/components/input-with-dropdown/components/DropdownInput.tsx","242","IconButton","aria-label","Clear search input","hardcoded in JSX","shared"
"/ontology-browser","src/components/input-with-dropdown/components/DropdownInput.tsx","242","IconButton","aria-label","Clear search input","hardcoded in JSX","shared"
"/resources","src/components/input-with-dropdown/components/DropdownInput.tsx","242","IconButton","aria-label","Clear search input","hardcoded in JSX","shared"
"/search","src/components/input-with-dropdown/components/DropdownInput.tsx","242","IconButton","aria-label","Clear search input","hardcoded in JSX","shared"
"/advanced-search","src/components/select/components/Select.tsx","116","Select","aria-label","{ariaLabel}","caller-supplied by each popover/toolbar consumer","shared"
"/repository-matcher","src/components/select/components/Select.tsx","116","Select","aria-label","{ariaLabel}","caller-supplied by each popover/toolbar consumer","shared"
"/search","src/components/select/components/Select.tsx","116","Select","aria-label","{ariaLabel}","caller-supplied by each popover/toolbar consumer","shared"
"/repository-matcher","src/components/select-and-order-popover/components/PopoverListItem.tsx","126","IconButton","aria-label","{`Move ${item.title} up`}","template hardcoded in JSX + item.title from the column/filter config","shared"
"/search","src/components/select-and-order-popover/components/PopoverListItem.tsx","126","IconButton","aria-label","{`Move ${item.title} up`}","template hardcoded in JSX + item.title from the column/filter config","shared"
"/repository-matcher","src/components/select-and-order-popover/components/PopoverListItem.tsx","135","IconButton","aria-label","{`Move ${item.title} down`}","template hardcoded in JSX + item.title from the column/filter config","shared"
"/search","src/components/select-and-order-popover/components/PopoverListItem.tsx","135","IconButton","aria-label","{`Move ${item.title} down`}","template hardcoded in JSX + item.title from the column/filter config","shared"
"/diseases/[slug]","src/components/icon/index.tsx","72","Icon (info)","aria-label","information","hardcoded in JSX","shared"
"/resources","src/components/icon/index.tsx","72","Icon (info)","aria-label","information","hardcoded in JSX","shared"
"/search","src/components/icon/index.tsx","72","Icon (info)","aria-label","information","hardcoded in JSX","shared"
"/diseases/[slug]","src/components/icon/index.tsx","92","Icon","aria-label","{title}","caller-supplied title prop","shared"
"/resources","src/components/icon/index.tsx","92","Icon","aria-label","{title}","caller-supplied title prop","shared"
"/search","src/components/icon/index.tsx","92","Icon","aria-label","{title}","caller-supplied title prop","shared"
"/diseases/[slug]","src/components/icon/index.tsx","104","svg","aria-label","{title}","caller-supplied title prop","shared"
"/resources","src/components/icon/index.tsx","104","svg","aria-label","{title}","caller-supplied title prop","shared"
"/search","src/components/icon/index.tsx","104","svg","aria-label","{title}","caller-supplied title prop","shared"
"/diseases/[slug]","src/components/icon/index.tsx","101","svg","aria-labelledby","{id}","references the inline <title id={id}> rendered by src/components/icon/components/glyph.tsx","shared"
"/resources","src/components/icon/index.tsx","101","svg","aria-labelledby","{id}","references the inline <title id={id}> rendered by src/components/icon/components/glyph.tsx","shared"
"/search","src/components/icon/index.tsx","101","svg","aria-labelledby","{id}","references the inline <title id={id}> rendered by src/components/icon/components/glyph.tsx","shared"
"/diseases/[slug]","src/components/icon/components/glyph.tsx","26","svg <title>","svg-title","{title || 'Icon for BAM type files.'}","fallback hardcoded in JSX; overridable via the title prop","shared"
"/resources","src/components/icon/components/glyph.tsx","26","svg <title>","svg-title","{title || 'Icon for BAM type files.'}","fallback hardcoded in JSX; overridable via the title prop","shared"
"/search","src/components/icon/components/glyph.tsx","26","svg <title>","svg-title","{title || 'Icon for BAM type files.'}","fallback hardcoded in JSX; overridable via the title prop","shared"
"/diseases/[slug]","src/components/icon/components/glyph.tsx","39","svg <title>","svg-title","{title || 'Empty, no data available.'}","fallback hardcoded in JSX; overridable via the title prop","shared"
"/resources","src/components/icon/components/glyph.tsx","39","svg <title>","svg-title","{title || 'Empty, no data available.'}","fallback hardcoded in JSX; overridable via the title prop","shared"
"/search","src/components/icon/components/glyph.tsx","39","svg <title>","svg-title","{title || 'Empty, no data available.'}","fallback hardcoded in JSX; overridable via the title prop","shared"
"/diseases/[slug]","src/components/icon/components/glyph.tsx","51","svg <title>","svg-title","{title || 'Icon for FASTA type files.'}","fallback hardcoded in JSX; overridable via the title prop","shared"
"/resources","src/components/icon/components/glyph.tsx","51","svg <title>","svg-title","{title || 'Icon for FASTA type files.'}","fallback hardcoded in JSX; overridable via the title prop","shared"
"/search","src/components/icon/components/glyph.tsx","51","svg <title>","svg-title","{title || 'Icon for FASTA type files.'}","fallback hardcoded in JSX; overridable via the title prop","shared"
"/faq","src/components/empty/index.tsx","42","Box/Flex","aria-labelledby","'empty'","references the element with id='empty' in the same component","shared"
"/features","src/components/empty/index.tsx","42","Box/Flex","aria-labelledby","'empty'","references the element with id='empty' in the same component","shared"
"/knowledge-center","src/components/empty/index.tsx","42","Box/Flex","aria-labelledby","'empty'","references the element with id='empty' in the same component","shared"
"/knowledge-center/[...slug]","src/components/empty/index.tsx","42","Box/Flex","aria-labelledby","'empty'","references the element with id='empty' in the same component","shared"
"/resources","src/components/empty/index.tsx","42","Box/Flex","aria-labelledby","'empty'","references the element with id='empty' in the same component","shared"
"/search","src/components/empty/index.tsx","42","Box/Flex","aria-labelledby","'empty'","references the element with id='empty' in the same component","shared"
"/updates","src/components/empty/index.tsx","42","Box/Flex","aria-labelledby","'empty'","references the element with id='empty' in the same component","shared"
"/search","src/components/toggle-container/index.tsx","77","Button","aria-label","{ariaLabel}","caller-supplied from src/views/search/components/results-list/components/card/index.tsx:214,360 (both pass ariaLabel='')","shared"
"/diseases/[slug]","src/components/visualizations/bar/index.tsx","227","svg","aria-label","{title ?? (label ? `${label} bar chart` : 'Bar chart')}","caller-supplied title/label, with hardcoded fallbacks in JSX","shared"
"(none - component has no consumer)","src/components/visualizations/pie/index.tsx","543","svg <title>","svg-title","{label}","caller-supplied label - NOTE: this component has no importer anywhere in src/, so this string never renders","unused component"
"(none - component has no consumer)","src/components/visualizations/pie/index.tsx","546","svg","aria-label","{label}","caller-supplied label - NOTE: this component has no importer anywhere in src/, so this string never renders","unused component"
"/saved","src/views/saved/components/saved-data-error-banner.tsx","35","CloseButton","aria-label","Dismiss error","hardcoded in JSX","route-specific"
"/saved","src/views/saved/table-config.tsx","93","BookmarkIconButton (label prop)","aria-label","{isFavorited ? 'Remove saved query' : 'Save query'}","hardcoded in JSX","route-specific"
"/saved","src/views/saved/components/saved-table-section.tsx","181","SearchInput (ariaLabel prop)","aria-label","{searchAriaLabel}","caller-supplied searchAriaLabel prop (saved-table-section.tsx:32)","route-specific"
"/saved","src/views/saved/components/saved-table-section.tsx","193","Table (ariaLabel prop)","aria-label","{tableAriaLabel}","caller-supplied tableAriaLabel prop (saved-table-section.tsx:33)","route-specific"
"/ontology-browser","src/views/ontology-browser/components/tree/components/tree-node.tsx","257","Button","aria-label","{`Show all children of ${node.label}`}","template hardcoded in JSX + node.label from the ontology API","route-specific"
"/search","src/views/ontology-browser/components/tree/components/tree-node.tsx","257","Button","aria-label","{`Show all children of ${node.label}`}","template hardcoded in JSX + node.label from the ontology API","route-specific"
"/ontology-browser","src/views/ontology-browser/components/tree/components/tree-node.tsx","333","IconButton","aria-label","{isIncludedInSearch(node.taxonId) ? `Remove ${node.label} from search list` : `Search portal for resources related to ${node.label}`}","templates hardcoded in JSX + node.label from the ontology API","route-specific"
"/search","src/views/ontology-browser/components/tree/components/tree-node.tsx","333","IconButton","aria-label","{isIncludedInSearch(node.taxonId) ? `Remove ${node.label} from search list` : `Search portal for resources related to ${node.label}`}","templates hardcoded in JSX + node.label from the ontology API","route-specific"
"/ontology-browser","src/views/ontology-browser/components/tree/components/breadcrumbs.tsx","93","IconButton","aria-label","show parent node","hardcoded in JSX","route-specific"
"/search","src/views/ontology-browser/components/tree/components/breadcrumbs.tsx","93","IconButton","aria-label","show parent node","hardcoded in JSX","route-specific"
"/ontology-browser","src/views/ontology-browser/components/ontology-search-list/toggle.tsx","22","Button","aria-label","{label}","caller-supplied label prop","route-specific"
"/search","src/views/ontology-browser/components/ontology-search-list/toggle.tsx","22","Button","aria-label","{label}","caller-supplied label prop","route-specific"
"/ontology-browser","src/views/ontology-browser/components/ontology-search-list/index.tsx","83","IconButton","aria-label","Collapse selected search terms list","hardcoded in JSX","route-specific"
"/search","src/views/ontology-browser/components/ontology-search-list/index.tsx","83","IconButton","aria-label","Collapse selected search terms list","hardcoded in JSX","route-specific"
"/ontology-browser","src/views/ontology-browser/components/ontology-search-list/index.tsx","186","IconButton","aria-label","{`remove ${label} from search`}","template hardcoded in JSX + label from the selected search term","route-specific"
"/search","src/views/ontology-browser/components/ontology-search-list/index.tsx","186","IconButton","aria-label","{`remove ${label} from search`}","template hardcoded in JSX + label from the selected search term","route-specific"
"/ontology-browser","src/views/ontology-browser/components/search/index.tsx","206","SearchInput (ariaLabel prop)","aria-label","Search taxonomy browser","hardcoded in JSX","route-specific"
"/features","src/views/features/components/TableOfContents.tsx","44","Sidebar (aria-label)","aria-label","Navigation for list of featured pages.","hardcoded in JSX","route-specific"
"/features","src/views/features/components/TableOfContents.tsx","74","SectionSearch (ariaLabel prop)","aria-label","Search for a featured page","hardcoded in JSX","route-specific"
"/knowledge-center","src/views/docs/components/sidebar/DocumentItem.tsx","66","Box/Skeleton","aria-label","{isLoading ? 'Loading' : undefined}","hardcoded in JSX","route-specific"
"/knowledge-center/[...slug]","src/views/docs/components/sidebar/DocumentItem.tsx","66","Box/Skeleton","aria-label","{isLoading ? 'Loading' : undefined}","hardcoded in JSX","route-specific"
"/knowledge-center","src/views/docs/components/sidebar/DocumentItem.tsx","90","IconButton","aria-label","{isExpanded ? 'Collapse sections' : 'Expand sections'}","hardcoded in JSX","route-specific"
"/knowledge-center/[...slug]","src/views/docs/components/sidebar/DocumentItem.tsx","90","IconButton","aria-label","{isExpanded ? 'Collapse sections' : 'Expand sections'}","hardcoded in JSX","route-specific"
"/knowledge-center","src/views/docs/components/sidebar/SidebarDesktop.tsx","96","Box/Skeleton","aria-label","{isLoading ? 'Loading' : undefined}","hardcoded in JSX","route-specific"
"/knowledge-center/[...slug]","src/views/docs/components/sidebar/SidebarDesktop.tsx","96","Box/Skeleton","aria-label","{isLoading ? 'Loading' : undefined}","hardcoded in JSX","route-specific"
"/knowledge-center","src/views/docs/components/sidebar/SidebarContainer.tsx","28","IconButton","aria-label","Expand documentation navigation menu","hardcoded in JSX","route-specific"
"/knowledge-center/[...slug]","src/views/docs/components/sidebar/SidebarContainer.tsx","28","IconButton","aria-label","Expand documentation navigation menu","hardcoded in JSX","route-specific"
"/knowledge-center","src/views/docs/components/sidebar/SidebarContainer.tsx","63","IconButton","aria-label","Collapse documentation navigation menu","hardcoded in JSX","route-specific"
"/knowledge-center/[...slug]","src/views/docs/components/sidebar/SidebarContainer.tsx","63","IconButton","aria-label","Collapse documentation navigation menu","hardcoded in JSX","route-specific"
"/knowledge-center","src/views/docs/components/sidebar/TocItem.tsx","92","IconButton","aria-label","{isExpanded ? 'Collapse subsections' : 'Expand subsections'}","hardcoded in JSX","route-specific"
"/knowledge-center/[...slug]","src/views/docs/components/sidebar/TocItem.tsx","92","IconButton","aria-label","{isExpanded ? 'Collapse subsections' : 'Expand subsections'}","hardcoded in JSX","route-specific"
"/knowledge-center","src/views/docs/components/search-bar/SearchBar.tsx","264","DropdownInput (ariaLabel prop)","aria-label","{ariaLabel}","caller-supplied: 'Search Knowledge Center' (src/pages/knowledge-center/[[...slug]].tsx:140)","route-specific"
"/knowledge-center/[...slug]","src/views/docs/components/search-bar/SearchBar.tsx","264","DropdownInput (ariaLabel prop)","aria-label","{ariaLabel}","caller-supplied: 'Search Knowledge Center' (src/pages/knowledge-center/[[...slug]].tsx:140)","route-specific"
"/knowledge-center","src/views/docs/components/search-bar/SearchBar.tsx","280","SearchBar (ariaLabel)","aria-label","{ariaLabel}","caller-supplied: 'Search Knowledge Center' (src/pages/knowledge-center/[[...slug]].tsx:140)","route-specific"
"/knowledge-center/[...slug]","src/views/docs/components/search-bar/SearchBar.tsx","280","SearchBar (ariaLabel)","aria-label","{ariaLabel}","caller-supplied: 'Search Knowledge Center' (src/pages/knowledge-center/[[...slug]].tsx:140)","route-specific"
"/knowledge-center","src/views/docs/components/search-bar/SearchBar.tsx","292","IconButton","aria-label","View search history.","hardcoded in JSX","route-specific"
"/knowledge-center/[...slug]","src/views/docs/components/search-bar/SearchBar.tsx","292","IconButton","aria-label","View search history.","hardcoded in JSX","route-specific"
"/knowledge-center","src/pages/knowledge-center/[[...slug]].tsx","140","DocsSearchBar (ariaLabel prop)","aria-label","Search Knowledge Center","hardcoded in JSX","route-specific"
"/knowledge-center/[...slug]","src/pages/knowledge-center/[[...slug]].tsx","140","DocsSearchBar (ariaLabel prop)","aria-label","Search Knowledge Center","hardcoded in JSX","route-specific"
"/search","src/views/search/components/filters/components/filters-chart-toggle.tsx","26","IconButton","aria-label","{isActive ? `Remove ${name} visualisation chart` : `Add ${name} visualisation chart`}","templates hardcoded in JSX + name from the filter config","route-specific"
"/search","src/views/search/components/filters/components/date-filter/components/date-brush.tsx","509","Brush group","aria-label","Use the arrow keys to move the brush selection. Press Tab to toggle the brush handles.","hardcoded in JSX","route-specific"
"/search","src/views/search/components/layout/tabs.tsx","53","Tab","aria-label","{tab.types.map(t => t.label).join(', ')}","labels from src/views/search/config/tabs.ts","route-specific"
"/search","src/views/search/components/results-list/components/pagination/index.tsx","92","nav","aria-label","{ariaLabel}","caller-supplied: 'Paginate through resources.' (results-list/index.tsx:473,566)","route-specific"
"/search","src/views/search/components/results-list/components/pagination/index.tsx","120","Select","aria-label","{ariaLabel || 'Select page'}","caller-supplied with a hardcoded 'Select page' fallback","route-specific"
"/search","src/views/search/components/results-list/index.tsx","473","Pagination (ariaLabel prop)","aria-label","Paginate through resources.","hardcoded in JSX","route-specific"
"/search","src/views/search/components/results-list/index.tsx","566","Pagination (ariaLabel prop)","aria-label","Paginate through resources.","hardcoded in JSX","route-specific"
"/search","src/views/search/components/results-list/components/card/index.tsx","619","Link","aria-label","{`Go to details about resource ${name}`}","template hardcoded in JSX + name from NDE API","route-specific"
"/search","src/views/search/components/results-list/components/card/index.tsx","214","ToggleContainer (ariaLabel prop)","aria-label","","passes ariaLabel='' - hardcoded in JSX","route-specific"
"/search","src/views/search/components/results-list/components/card/index.tsx","360","ToggleContainer (ariaLabel prop)","aria-label","","passes ariaLabel='' - hardcoded in JSX","route-specific"
"/search","src/views/search/components/results-list/components/toolbar/components/select-input.tsx","32","Select","aria-label","{label}","caller-supplied label prop","route-specific"
"/search","src/views/search/components/search-results-header/index.tsx","108","BookmarkIconButton","aria-label","{isFavorited ? 'Remove search from saved searches' : 'Save this search'}","hardcoded in JSX","route-specific"
"/search","src/views/search/components/summary/index.tsx","123","IconButton","aria-label","{isExpanded ? 'Collapse' : 'Expand'}","hardcoded in JSX","route-specific"
"/search","src/views/search/components/summary/components/visualization-card/card-header.tsx","49","IconButton","aria-label","{ariaLabel}","caller-supplied: 'Expand chart to modal view' / 'Remove chart from display.' (card-header.tsx:76,84)","route-specific"
"/search","src/views/search/components/summary/components/visualization-card/card-header.tsx","76","IconButton (ariaLabel prop)","aria-label","Expand chart to modal view","hardcoded in JSX","route-specific"
"/search","src/views/search/components/summary/components/visualization-card/card-header.tsx","84","IconButton (ariaLabel prop)","aria-label","Remove chart from display.","hardcoded in JSX","route-specific"
"/search","src/views/search/components/summary/components/visualization-card/chart-picker.tsx","15","Select","aria-label","{props.label ? `Chart type for ${props.label}` : 'Chart type'}","template + fallback hardcoded in JSX","route-specific"
"/search","src/views/search/components/filters/components/list.tsx","290","SearchInput (ariaLabel prop)","aria-label","{searchPlaceholder}","caller-supplied searchPlaceholder from the filter config","route-specific"
"/search","src/views/search/components/results-list/components/results-table/index.tsx","86","Table (ariaLabel prop)","aria-label","{ariaLabel}","caller-supplied: 'Dataset search results' / 'Computational tool search results' / 'Sample search results' / 'Data collection search results'","route-specific"
"/search","src/views/search/components/results-list/components/dataset-results-table/index.tsx","415","ResultsTable (ariaLabel prop)","aria-label","Dataset search results","hardcoded in JSX","route-specific"
"/search","src/views/search/components/results-list/components/computational-tool-results-table/index.tsx","353","ResultsTable (ariaLabel prop)","aria-label","Computational tool search results","hardcoded in JSX","route-specific"
"/search","src/views/search/components/results-list/components/sample-results-table/index.tsx","524","ResultsTable (ariaLabel prop)","aria-label","Sample search results","hardcoded in JSX","route-specific"
"/search","src/views/search/components/results-list/components/data-collection-results-table/index.tsx","342","ResultsTable (ariaLabel prop)","aria-label","Data collection search results","hardcoded in JSX","route-specific"
"/search","src/views/search/components/results-list/components/toolbar/components/view-mode-radio.tsx","34","RadioGroup","aria-labelledby","{labelId}","references the toolbar view-mode label element","route-specific"
"/diseases/[slug]","src/views/diseases/disease/visualizations/stacked-bar-chart.tsx","275","Link wrapping svg <rect>","aria-label","{`${bar.data.label}: ${bar.data.count.toLocaleString()} result${bar.data.count === 1 ? '' : 's'}`}","template hardcoded in JSX + label/count from NDE API","route-specific"
"/diseases/[slug]","src/views/diseases/disease/visualizations/brushable-list-chart/brushable-bar-chart.tsx","95","Brush group","aria-label","Use the arrow keys to move the brush selection. Press Tab to toggle the brush handles.","hardcoded in JSX","route-specific"
"/diseases/[slug]","src/views/diseases/disease/visualizations/treemap-chart.tsx","234","Treemap node","aria-label","{`${node.data.data.term}, ${node.data.data.count} items`}","template hardcoded in JSX + term/count from NDE API","route-specific"
"/diseases/[slug]","src/views/diseases/disease/visualizations/treemap-chart.tsx","176","svg","aria-labelledby","{aria_title}","generated unique id referencing the chart title element (treemap-chart.tsx:112)","route-specific"
"/diseases/[slug]","src/views/diseases/disease/visualizations/bar-chart.tsx","219","svg","aria-labelledby","'coa-stacked-title'","references the element with id='coa-stacked-title'","route-specific"
"/diseases/[slug]","src/views/diseases/disease/visualizations/stacked-bar-chart.tsx","159","svg","aria-labelledby","'coa-stacked-title'","references the element with id='coa-stacked-title'","route-specific"
"/diseases/[slug]","src/views/diseases/disease/visualizations/donut-chart.tsx","223","svg","aria-labelledby","'donut-chart-title'","references the element with id='donut-chart-title'","route-specific"
"/diseases","src/views/diseases/toc/index.tsx","80","Sidebar (aria-label)","aria-label","Navigation for list of disease pages.","hardcoded in JSX","route-specific"
"/diseases","src/views/diseases/toc/index.tsx","110","SectionSearch (ariaLabel prop)","aria-label","Search for a disease","hardcoded in JSX","route-specific"
"/sources","src/pages/sources.tsx","152","Sidebar (aria-label)","aria-label","Navigation for data sources.","hardcoded in JSX","route-specific"
"/sources","src/views/sources/components/main.tsx","113","SectionSearch (ariaLabel prop)","aria-label","Search for a source","hardcoded in JSX","route-specific"
"/program-collections","src/pages/program-collections.tsx","108","Sidebar (aria-label)","aria-label","Navigation for program collections list.","hardcoded in JSX","route-specific"
"/program-collections","src/pages/program-collections.tsx","149","SectionSearch (ariaLabel prop)","aria-label","Search for a program collection","hardcoded in JSX","route-specific"
"/repository-matcher","src/pages/repository-matcher.tsx","326","SearchInput (ariaLabel prop)","aria-label","Search repositories and resource catalogs","hardcoded in JSX","route-specific"
"/repository-matcher","src/pages/repository-matcher.tsx","419","Table (ariaLabel prop)","aria-label","Repository matcher table","hardcoded in JSX","route-specific"
"/settings","src/pages/settings.tsx","185","IconButton/Button","aria-label","{label}","caller-supplied label from the settings section config","route-specific"
"/","src/pages/index.tsx","265","TableWithSearch (ariaLabel prop)","aria-label","List of repositories and resource catalogs","hardcoded in JSX","route-specific"
"/","src/views/home/components/TableWithSearch/index.tsx","109","SearchInput (ariaLabel prop)","aria-label","Search table","hardcoded in JSX","route-specific"
"/","src/views/home/components/LandingPageCards/Card.tsx","22","Card container","aria-labelledby","{`card-heading-${index}`}","references the card heading element rendered in the same component","route-specific"
